index,Supplier_Lead_Time,Inventory_Levels,Order_Frequency,Delivery_Performance,Cost_Per_Unit
Supplier_Lead_Time,1.0,0.24155276487866298,-0.9027974616176672,-0.9033250537118555,0.9670861831810643
Inventory_Levels,0.24155276487866298,1.0,-0.26962461721081116,-0.1871432101927263,0.2007181986026335
Order_Frequency,-0.9027974616176672,-0.26962461721081116,1.0,0.8345654092068918,-0.8646327891600062
Delivery_Performance,-0.9033250537118555,-0.1871432101927263,0.8345654092068918,1.0,-0.9031015375125546
Cost_Per_Unit,0.9670861831810643,0.2007181986026335,-0.8646327891600062,-0.9031015375125546,1.0
